name,surname,uid,ssh_key
Amanda,Smith,54000,ssh-rsa AAAAB3NzaC1yc2EAAAADAQABAAABAQDV4aZql9xvaGuMa3KSwqnyvzE7XZJv1qt131uK/hgY+OmwUglFLlPGOG5QZY8obem7X5BDuRo5GvAyV0dZ+mPCi6dEonk/mom0wCd7VvK5cdIIVLA/IXA3dhegRAqoi5nWiNijgBzLmzSwYdKOXAFN568T2j3PM/oz/2asT/hwFYNN5wJWY179uWFJejyX4o5A6t/nv6p84fv/E+/cjjOTSuntyPJhecU8DtK8HXoemJ6MIvNNOCnAKIk3dELoHNz5XZPI/FDwgg81phfUdmQ/5UWqBM2h1mYgsGEA5Q8wEyE4tmj8t4ZRVCS1G3enkhZ6boHnTX6r3rmJWDlZBAGZ Sean.Shuping@SEANSHUPING
Amy,Johnson,54001,ssh-rsa AAAAB3NzaC1yc2EAAAADAQABAAABAQDV4aZql9xvaGuMa3KSwqnyvzE7XZJv1qt131uK/hgY+OmwUglFLlPGOG5QZY8obem7X5BDuRo5GvAyV0dZ+mPCi6dEonk/mom0wCd7VvK5cdIIVLA/IXA3dhegRAqoi5nWiNijgBzLmzSwYdKOXAFN568T2j3PM/oz/2asT/hwFYNN5wJWY179uWFJejyX4o5A6t/nv6p84fv/E+/cjjOTSuntyPJhecU8DtK8HXoemJ6MIvNNOCnAKIk3dELoHNz5XZPI/FDwgg81phfUdmQ/5UWqBM2h1mYgsGEA5Q8wEyE4tmj8t4ZRVCS1G3enkhZ6boHnTX6r3rmJWDlZBAGZ Sean.Shuping@SEANSHUPING
Andrew,Williams,54002,ssh-rsa AAAAB3NzaC1yc2EAAAADAQABAAABAQDV4aZql9xvaGuMa3KSwqnyvzE7XZJv1qt131uK/hgY+OmwUglFLlPGOG5QZY8obem7X5BDuRo5GvAyV0dZ+mPCi6dEonk/mom0wCd7VvK5cdIIVLA/IXA3dhegRAqoi5nWiNijgBzLmzSwYdKOXAFN568T2j3PM/oz/2asT/hwFYNN5wJWY179uWFJejyX4o5A6t/nv6p84fv/E+/cjjOTSuntyPJhecU8DtK8HXoemJ6MIvNNOCnAKIk3dELoHNz5XZPI/FDwgg81phfUdmQ/5UWqBM2h1mYgsGEA5Q8wEyE4tmj8t4ZRVCS1G3enkhZ6boHnTX6r3rmJWDlZBAGZ Sean.Shuping@SEANSHUPING
Angela,Jones,54003,ssh-rsa AAAAB3NzaC1yc2EAAAADAQABAAABAQDV4aZql9xvaGuMa3KSwqnyvzE7XZJv1qt131uK/hgY+OmwUglFLlPGOG5QZY8obem7X5BDuRo5GvAyV0dZ+mPCi6dEonk/mom0wCd7VvK5cdIIVLA/IXA3dhegRAqoi5nWiNijgBzLmzSwYdKOXAFN568T2j3PM/oz/2asT/hwFYNN5wJWY179uWFJejyX4o5A6t/nv6p84fv/E+/cjjOTSuntyPJhecU8DtK8HXoemJ6MIvNNOCnAKIk3dELoHNz5XZPI/FDwgg81phfUdmQ/5UWqBM2h1mYgsGEA5Q8wEyE4tmj8t4ZRVCS1G3enkhZ6boHnTX6r3rmJWDlZBAGZ Sean.Shuping@SEANSHUPING
Ann,Brown,54004,ssh-rsa AAAAB3NzaC1yc2EAAAADAQABAAABAQDV4aZql9xvaGuMa3KSwqnyvzE7XZJv1qt131uK/hgY+OmwUglFLlPGOG5QZY8obem7X5BDuRo5GvAyV0dZ+mPCi6dEonk/mom0wCd7VvK5cdIIVLA/IXA3dhegRAqoi5nWiNijgBzLmzSwYdKOXAFN568T2j3PM/oz/2asT/hwFYNN5wJWY179uWFJejyX4o5A6t/nv6p84fv/E+/cjjOTSuntyPJhecU8DtK8HXoemJ6MIvNNOCnAKIk3dELoHNz5XZPI/FDwgg81phfUdmQ/5UWqBM2h1mYgsGEA5Q8wEyE4tmj8t4ZRVCS1G3enkhZ6boHnTX6r3rmJWDlZBAGZ Sean.Shuping@SEANSHUPING
Arthur,Wilson,54005,ssh-rsa AAAAB3NzaC1yc2EAAAADAQABAAABAQDV4aZql9xvaGuMa3KSwqnyvzE7XZJv1qt131uK/hgY+OmwUglFLlPGOG5QZY8obem7X5BDuRo5GvAyV0dZ+mPCi6dEonk/mom0wCd7VvK5cdIIVLA/IXA3dhegRAqoi5nWiNijgBzLmzSwYdKOXAFN568T2j3PM/oz/2asT/hwFYNN5wJWY179uWFJejyX4o5A6t/nv6p84fv/E+/cjjOTSuntyPJhecU8DtK8HXoemJ6MIvNNOCnAKIk3dELoHNz5XZPI/FDwgg81phfUdmQ/5UWqBM2h1mYgsGEA5Q8wEyE4tmj8t4ZRVCS1G3enkhZ6boHnTX6r3rmJWDlZBAGZ Sean.Shuping@SEANSHUPING
Barbara,Moore,54006,ssh-rsa AAAAB3NzaC1yc2EAAAADAQABAAABAQDV4aZql9xvaGuMa3KSwqnyvzE7XZJv1qt131uK/hgY+OmwUglFLlPGOG5QZY8obem7X5BDuRo5GvAyV0dZ+mPCi6dEonk/mom0wCd7VvK5cdIIVLA/IXA3dhegRAqoi5nWiNijgBzLmzSwYdKOXAFN568T2j3PM/oz/2asT/hwFYNN5wJWY179uWFJejyX4o5A6t/nv6p84fv/E+/cjjOTSuntyPJhecU8DtK8HXoemJ6MIvNNOCnAKIk3dELoHNz5XZPI/FDwgg81phfUdmQ/5UWqBM2h1mYgsGEA5Q8wEyE4tmj8t4ZRVCS1G3enkhZ6boHnTX6r3rmJWDlZBAGZ Sean.Shuping@SEANSHUPING
Betty,Taylor,54007,ssh-rsa AAAAB3NzaC1yc2EAAAADAQABAAABAQDV4aZql9xvaGuMa3KSwqnyvzE7XZJv1qt131uK/hgY+OmwUglFLlPGOG5QZY8obem7X5BDuRo5GvAyV0dZ+mPCi6dEonk/mom0wCd7VvK5cdIIVLA/IXA3dhegRAqoi5nWiNijgBzLmzSwYdKOXAFN568T2j3PM/oz/2asT/hwFYNN5wJWY179uWFJejyX4o5A6t/nv6p84fv/E+/cjjOTSuntyPJhecU8DtK8HXoemJ6MIvNNOCnAKIk3dELoHNz5XZPI/FDwgg81phfUdmQ/5UWqBM2h1mYgsGEA5Q8wEyE4tmj8t4ZRVCS1G3enkhZ6boHnTX6r3rmJWDlZBAGZ Sean.Shuping@SEANSHUPING
Brenda,Anderson,54008,ssh-rsa AAAAB3NzaC1yc2EAAAADAQABAAABAQDV4aZql9xvaGuMa3KSwqnyvzE7XZJv1qt131uK/hgY+OmwUglFLlPGOG5QZY8obem7X5BDuRo5GvAyV0dZ+mPCi6dEonk/mom0wCd7VvK5cdIIVLA/IXA3dhegRAqoi5nWiNijgBzLmzSwYdKOXAFN568T2j3PM/oz/2asT/hwFYNN5wJWY179uWFJejyX4o5A6t/nv6p84fv/E+/cjjOTSuntyPJhecU8DtK8HXoemJ6MIvNNOCnAKIk3dELoHNz5XZPI/FDwgg81phfUdmQ/5UWqBM2h1mYgsGEA5Q8wEyE4tmj8t4ZRVCS1G3enkhZ6boHnTX6r3rmJWDlZBAGZ Sean.Shuping@SEANSHUPING
Carl,Jackson,54009,ssh-rsa AAAAB3NzaC1yc2EAAAADAQABAAABAQDV4aZql9xvaGuMa3KSwqnyvzE7XZJv1qt131uK/hgY+OmwUglFLlPGOG5QZY8obem7X5BDuRo5GvAyV0dZ+mPCi6dEonk/mom0wCd7VvK5cdIIVLA/IXA3dhegRAqoi5nWiNijgBzLmzSwYdKOXAFN568T2j3PM/oz/2asT/hwFYNN5wJWY179uWFJejyX4o5A6t/nv6p84fv/E+/cjjOTSuntyPJhecU8DtK8HXoemJ6MIvNNOCnAKIk3dELoHNz5XZPI/FDwgg81phfUdmQ/5UWqBM2h1mYgsGEA5Q8wEyE4tmj8t4ZRVCS1G3enkhZ6boHnTX6r3rmJWDlZBAGZ Sean.Shuping@SEANSHUPING
Carol,White,54010,ssh-rsa AAAAB3NzaC1yc2EAAAADAQABAAABAQDV4aZql9xvaGuMa3KSwqnyvzE7XZJv1qt131uK/hgY+OmwUglFLlPGOG5QZY8obem7X5BDuRo5GvAyV0dZ+mPCi6dEonk/mom0wCd7VvK5cdIIVLA/IXA3dhegRAqoi5nWiNijgBzLmzSwYdKOXAFN568T2j3PM/oz/2asT/hwFYNN5wJWY179uWFJejyX4o5A6t/nv6p84fv/E+/cjjOTSuntyPJhecU8DtK8HXoemJ6MIvNNOCnAKIk3dELoHNz5XZPI/FDwgg81phfUdmQ/5UWqBM2h1mYgsGEA5Q8wEyE4tmj8t4ZRVCS1G3enkhZ6boHnTX6r3rmJWDlZBAGZ Sean.Shuping@SEANSHUPING
Charles,Thompson,54011,ssh-rsa AAAAB3NzaC1yc2EAAAADAQABAAABAQDV4aZql9xvaGuMa3KSwqnyvzE7XZJv1qt131uK/hgY+OmwUglFLlPGOG5QZY8obem7X5BDuRo5GvAyV0dZ+mPCi6dEonk/mom0wCd7VvK5cdIIVLA/IXA3dhegRAqoi5nWiNijgBzLmzSwYdKOXAFN568T2j3PM/oz/2asT/hwFYNN5wJWY179uWFJejyX4o5A6t/nv6p84fv/E+/cjjOTSuntyPJhecU8DtK8HXoemJ6MIvNNOCnAKIk3dELoHNz5XZPI/FDwgg81phfUdmQ/5UWqBM2h1mYgsGEA5Q8wEyE4tmj8t4ZRVCS1G3enkhZ6boHnTX6r3rmJWDlZBAGZ Sean.Shuping@SEANSHUPING
Christine,Garcia,54012,ssh-rsa AAAAB3NzaC1yc2EAAAADAQABAAABAQDV4aZql9xvaGuMa3KSwqnyvzE7XZJv1qt131uK/hgY+OmwUglFLlPGOG5QZY8obem7X5BDuRo5GvAyV0dZ+mPCi6dEonk/mom0wCd7VvK5cdIIVLA/IXA3dhegRAqoi5nWiNijgBzLmzSwYdKOXAFN568T2j3PM/oz/2asT/hwFYNN5wJWY179uWFJejyX4o5A6t/nv6p84fv/E+/cjjOTSuntyPJhecU8DtK8HXoemJ6MIvNNOCnAKIk3dELoHNz5XZPI/FDwgg81phfUdmQ/5UWqBM2h1mYgsGEA5Q8wEyE4tmj8t4ZRVCS1G3enkhZ6boHnTX6r3rmJWDlZBAGZ Sean.Shuping@SEANSHUPING
Cynthia,Robinson,54013,ssh-rsa AAAAB3NzaC1yc2EAAAADAQABAAABAQDV4aZql9xvaGuMa3KSwqnyvzE7XZJv1qt131uK/hgY+OmwUglFLlPGOG5QZY8obem7X5BDuRo5GvAyV0dZ+mPCi6dEonk/mom0wCd7VvK5cdIIVLA/IXA3dhegRAqoi5nWiNijgBzLmzSwYdKOXAFN568T2j3PM/oz/2asT/hwFYNN5wJWY179uWFJejyX4o5A6t/nv6p84fv/E+/cjjOTSuntyPJhecU8DtK8HXoemJ6MIvNNOCnAKIk3dELoHNz5XZPI/FDwgg81phfUdmQ/5UWqBM2h1mYgsGEA5Q8wEyE4tmj8t4ZRVCS1G3enkhZ6boHnTX6r3rmJWDlZBAGZ Sean.Shuping@SEANSHUPING
Deborah,Lewis,54014,ssh-rsa AAAAB3NzaC1yc2EAAAADAQABAAABAQDV4aZql9xvaGuMa3KSwqnyvzE7XZJv1qt131uK/hgY+OmwUglFLlPGOG5QZY8obem7X5BDuRo5GvAyV0dZ+mPCi6dEonk/mom0wCd7VvK5cdIIVLA/IXA3dhegRAqoi5nWiNijgBzLmzSwYdKOXAFN568T2j3PM/oz/2asT/hwFYNN5wJWY179uWFJejyX4o5A6t/nv6p84fv/E+/cjjOTSuntyPJhecU8DtK8HXoemJ6MIvNNOCnAKIk3dELoHNz5XZPI/FDwgg81phfUdmQ/5UWqBM2h1mYgsGEA5Q8wEyE4tmj8t4ZRVCS1G3enkhZ6boHnTX6r3rmJWDlZBAGZ Sean.Shuping@SEANSHUPING
Debra,Lee,54015,ssh-rsa AAAAB3NzaC1yc2EAAAADAQABAAABAQDV4aZql9xvaGuMa3KSwqnyvzE7XZJv1qt131uK/hgY+OmwUglFLlPGOG5QZY8obem7X5BDuRo5GvAyV0dZ+mPCi6dEonk/mom0wCd7VvK5cdIIVLA/IXA3dhegRAqoi5nWiNijgBzLmzSwYdKOXAFN568T2j3PM/oz/2asT/hwFYNN5wJWY179uWFJejyX4o5A6t/nv6p84fv/E+/cjjOTSuntyPJhecU8DtK8HXoemJ6MIvNNOCnAKIk3dELoHNz5XZPI/FDwgg81phfUdmQ/5UWqBM2h1mYgsGEA5Q8wEyE4tmj8t4ZRVCS1G3enkhZ6boHnTX6r3rmJWDlZBAGZ Sean.Shuping@SEANSHUPING
Donald,Allen,54016,ssh-rsa AAAAB3NzaC1yc2EAAAADAQABAAABAQDV4aZql9xvaGuMa3KSwqnyvzE7XZJv1qt131uK/hgY+OmwUglFLlPGOG5QZY8obem7X5BDuRo5GvAyV0dZ+mPCi6dEonk/mom0wCd7VvK5cdIIVLA/IXA3dhegRAqoi5nWiNijgBzLmzSwYdKOXAFN568T2j3PM/oz/2asT/hwFYNN5wJWY179uWFJejyX4o5A6t/nv6p84fv/E+/cjjOTSuntyPJhecU8DtK8HXoemJ6MIvNNOCnAKIk3dELoHNz5XZPI/FDwgg81phfUdmQ/5UWqBM2h1mYgsGEA5Q8wEyE4tmj8t4ZRVCS1G3enkhZ6boHnTX6r3rmJWDlZBAGZ Sean.Shuping@SEANSHUPING
Donna,Young,54017,ssh-rsa AAAAB3NzaC1yc2EAAAADAQABAAABAQDV4aZql9xvaGuMa3KSwqnyvzE7XZJv1qt131uK/hgY+OmwUglFLlPGOG5QZY8obem7X5BDuRo5GvAyV0dZ+mPCi6dEonk/mom0wCd7VvK5cdIIVLA/IXA3dhegRAqoi5nWiNijgBzLmzSwYdKOXAFN568T2j3PM/oz/2asT/hwFYNN5wJWY179uWFJejyX4o5A6t/nv6p84fv/E+/cjjOTSuntyPJhecU8DtK8HXoemJ6MIvNNOCnAKIk3dELoHNz5XZPI/FDwgg81phfUdmQ/5UWqBM2h1mYgsGEA5Q8wEyE4tmj8t4ZRVCS1G3enkhZ6boHnTX6r3rmJWDlZBAGZ Sean.Shuping@SEANSHUPING
Douglas,King,54018,ssh-rsa AAAAB3NzaC1yc2EAAAADAQABAAABAQDV4aZql9xvaGuMa3KSwqnyvzE7XZJv1qt131uK/hgY+OmwUglFLlPGOG5QZY8obem7X5BDuRo5GvAyV0dZ+mPCi6dEonk/mom0wCd7VvK5cdIIVLA/IXA3dhegRAqoi5nWiNijgBzLmzSwYdKOXAFN568T2j3PM/oz/2asT/hwFYNN5wJWY179uWFJejyX4o5A6t/nv6p84fv/E+/cjjOTSuntyPJhecU8DtK8HXoemJ6MIvNNOCnAKIk3dELoHNz5XZPI/FDwgg81phfUdmQ/5UWqBM2h1mYgsGEA5Q8wEyE4tmj8t4ZRVCS1G3enkhZ6boHnTX6r3rmJWDlZBAGZ Sean.Shuping@SEANSHUPING
Eric,Hill,54019,ssh-rsa AAAAB3NzaC1yc2EAAAADAQABAAABAQDV4aZql9xvaGuMa3KSwqnyvzE7XZJv1qt131uK/hgY+OmwUglFLlPGOG5QZY8obem7X5BDuRo5GvAyV0dZ+mPCi6dEonk/mom0wCd7VvK5cdIIVLA/IXA3dhegRAqoi5nWiNijgBzLmzSwYdKOXAFN568T2j3PM/oz/2asT/hwFYNN5wJWY179uWFJejyX4o5A6t/nv6p84fv/E+/cjjOTSuntyPJhecU8DtK8HXoemJ6MIvNNOCnAKIk3dELoHNz5XZPI/FDwgg81phfUdmQ/5UWqBM2h1mYgsGEA5Q8wEyE4tmj8t4ZRVCS1G3enkhZ6boHnTX6r3rmJWDlZBAGZ Sean.Shuping@SEANSHUPING
Frances,Scott,54020,ssh-rsa AAAAB3NzaC1yc2EAAAADAQABAAABAQDV4aZql9xvaGuMa3KSwqnyvzE7XZJv1qt131uK/hgY+OmwUglFLlPGOG5QZY8obem7X5BDuRo5GvAyV0dZ+mPCi6dEonk/mom0wCd7VvK5cdIIVLA/IXA3dhegRAqoi5nWiNijgBzLmzSwYdKOXAFN568T2j3PM/oz/2asT/hwFYNN5wJWY179uWFJejyX4o5A6t/nv6p84fv/E+/cjjOTSuntyPJhecU8DtK8HXoemJ6MIvNNOCnAKIk3dELoHNz5XZPI/FDwgg81phfUdmQ/5UWqBM2h1mYgsGEA5Q8wEyE4tmj8t4ZRVCS1G3enkhZ6boHnTX6r3rmJWDlZBAGZ Sean.Shuping@SEANSHUPING
Frank,Green,54021,ssh-rsa AAAAB3NzaC1yc2EAAAADAQABAAABAQDV4aZql9xvaGuMa3KSwqnyvzE7XZJv1qt131uK/hgY+OmwUglFLlPGOG5QZY8obem7X5BDuRo5GvAyV0dZ+mPCi6dEonk/mom0wCd7VvK5cdIIVLA/IXA3dhegRAqoi5nWiNijgBzLmzSwYdKOXAFN568T2j3PM/oz/2asT/hwFYNN5wJWY179uWFJejyX4o5A6t/nv6p84fv/E+/cjjOTSuntyPJhecU8DtK8HXoemJ6MIvNNOCnAKIk3dELoHNz5XZPI/FDwgg81phfUdmQ/5UWqBM2h1mYgsGEA5Q8wEyE4tmj8t4ZRVCS1G3enkhZ6boHnTX6r3rmJWDlZBAGZ Sean.Shuping@SEANSHUPING
George,Baker,54022,ssh-rsa AAAAB3NzaC1yc2EAAAADAQABAAABAQDV4aZql9xvaGuMa3KSwqnyvzE7XZJv1qt131uK/hgY+OmwUglFLlPGOG5QZY8obem7X5BDuRo5GvAyV0dZ+mPCi6dEonk/mom0wCd7VvK5cdIIVLA/IXA3dhegRAqoi5nWiNijgBzLmzSwYdKOXAFN568T2j3PM/oz/2asT/hwFYNN5wJWY179uWFJejyX4o5A6t/nv6p84fv/E+/cjjOTSuntyPJhecU8DtK8HXoemJ6MIvNNOCnAKIk3dELoHNz5XZPI/FDwgg81phfUdmQ/5UWqBM2h1mYgsGEA5Q8wEyE4tmj8t4ZRVCS1G3enkhZ6boHnTX6r3rmJWDlZBAGZ Sean.Shuping@SEANSHUPING
Gregory,Gonzalez,54023,ssh-rsa AAAAB3NzaC1yc2EAAAADAQABAAABAQDV4aZql9xvaGuMa3KSwqnyvzE7XZJv1qt131uK/hgY+OmwUglFLlPGOG5QZY8obem7X5BDuRo5GvAyV0dZ+mPCi6dEonk/mom0wCd7VvK5cdIIVLA/IXA3dhegRAqoi5nWiNijgBzLmzSwYdKOXAFN568T2j3PM/oz/2asT/hwFYNN5wJWY179uWFJejyX4o5A6t/nv6p84fv/E+/cjjOTSuntyPJhecU8DtK8HXoemJ6MIvNNOCnAKIk3dELoHNz5XZPI/FDwgg81phfUdmQ/5UWqBM2h1mYgsGEA5Q8wEyE4tmj8t4ZRVCS1G3enkhZ6boHnTX6r3rmJWDlZBAGZ Sean.Shuping@SEANSHUPING
Harold,Nelson,54024,ssh-rsa AAAAB3NzaC1yc2EAAAADAQABAAABAQDV4aZql9xvaGuMa3KSwqnyvzE7XZJv1qt131uK/hgY+OmwUglFLlPGOG5QZY8obem7X5BDuRo5GvAyV0dZ+mPCi6dEonk/mom0wCd7VvK5cdIIVLA/IXA3dhegRAqoi5nWiNijgBzLmzSwYdKOXAFN568T2j3PM/oz/2asT/hwFYNN5wJWY179uWFJejyX4o5A6t/nv6p84fv/E+/cjjOTSuntyPJhecU8DtK8HXoemJ6MIvNNOCnAKIk3dELoHNz5XZPI/FDwgg81phfUdmQ/5UWqBM2h1mYgsGEA5Q8wEyE4tmj8t4ZRVCS1G3enkhZ6boHnTX6r3rmJWDlZBAGZ Sean.Shuping@SEANSHUPING
Henry,Mitchell,54025,ssh-rsa AAAAB3NzaC1yc2EAAAADAQABAAABAQDV4aZql9xvaGuMa3KSwqnyvzE7XZJv1qt131uK/hgY+OmwUglFLlPGOG5QZY8obem7X5BDuRo5GvAyV0dZ+mPCi6dEonk/mom0wCd7VvK5cdIIVLA/IXA3dhegRAqoi5nWiNijgBzLmzSwYdKOXAFN568T2j3PM/oz/2asT/hwFYNN5wJWY179uWFJejyX4o5A6t/nv6p84fv/E+/cjjOTSuntyPJhecU8DtK8HXoemJ6MIvNNOCnAKIk3dELoHNz5XZPI/FDwgg81phfUdmQ/5UWqBM2h1mYgsGEA5Q8wEyE4tmj8t4ZRVCS1G3enkhZ6boHnTX6r3rmJWDlZBAGZ Sean.Shuping@SEANSHUPING
Kenneth,Cook,54026,ssh-rsa AAAAB3NzaC1yc2EAAAADAQABAAABAQDV4aZql9xvaGuMa3KSwqnyvzE7XZJv1qt131uK/hgY+OmwUglFLlPGOG5QZY8obem7X5BDuRo5GvAyV0dZ+mPCi6dEonk/mom0wCd7VvK5cdIIVLA/IXA3dhegRAqoi5nWiNijgBzLmzSwYdKOXAFN568T2j3PM/oz/2asT/hwFYNN5wJWY179uWFJejyX4o5A6t/nv6p84fv/E+/cjjOTSuntyPJhecU8DtK8HXoemJ6MIvNNOCnAKIk3dELoHNz5XZPI/FDwgg81phfUdmQ/5UWqBM2h1mYgsGEA5Q8wEyE4tmj8t4ZRVCS1G3enkhZ6boHnTX6r3rmJWDlZBAGZ Sean.Shuping@SEANSHUPING
Kimberly,Bell,54027,ssh-rsa AAAAB3NzaC1yc2EAAAADAQABAAABAQDV4aZql9xvaGuMa3KSwqnyvzE7XZJv1qt131uK/hgY+OmwUglFLlPGOG5QZY8obem7X5BDuRo5GvAyV0dZ+mPCi6dEonk/mom0wCd7VvK5cdIIVLA/IXA3dhegRAqoi5nWiNijgBzLmzSwYdKOXAFN568T2j3PM/oz/2asT/hwFYNN5wJWY179uWFJejyX4o5A6t/nv6p84fv/E+/cjjOTSuntyPJhecU8DtK8HXoemJ6MIvNNOCnAKIk3dELoHNz5XZPI/FDwgg81phfUdmQ/5UWqBM2h1mYgsGEA5Q8wEyE4tmj8t4ZRVCS1G3enkhZ6boHnTX6r3rmJWDlZBAGZ Sean.Shuping@SEANSHUPING
Larry,Murphy,54028,ssh-rsa AAAAB3NzaC1yc2EAAAADAQABAAABAQDV4aZql9xvaGuMa3KSwqnyvzE7XZJv1qt131uK/hgY+OmwUglFLlPGOG5QZY8obem7X5BDuRo5GvAyV0dZ+mPCi6dEonk/mom0wCd7VvK5cdIIVLA/IXA3dhegRAqoi5nWiNijgBzLmzSwYdKOXAFN568T2j3PM/oz/2asT/hwFYNN5wJWY179uWFJejyX4o5A6t/nv6p84fv/E+/cjjOTSuntyPJhecU8DtK8HXoemJ6MIvNNOCnAKIk3dELoHNz5XZPI/FDwgg81phfUdmQ/5UWqBM2h1mYgsGEA5Q8wEyE4tmj8t4ZRVCS1G3enkhZ6boHnTX6r3rmJWDlZBAGZ Sean.Shuping@SEANSHUPING
Laura,Bailey,54029,ssh-rsa AAAAB3NzaC1yc2EAAAADAQABAAABAQDV4aZql9xvaGuMa3KSwqnyvzE7XZJv1qt131uK/hgY+OmwUglFLlPGOG5QZY8obem7X5BDuRo5GvAyV0dZ+mPCi6dEonk/mom0wCd7VvK5cdIIVLA/IXA3dhegRAqoi5nWiNijgBzLmzSwYdKOXAFN568T2j3PM/oz/2asT/hwFYNN5wJWY179uWFJejyX4o5A6t/nv6p84fv/E+/cjjOTSuntyPJhecU8DtK8HXoemJ6MIvNNOCnAKIk3dELoHNz5XZPI/FDwgg81phfUdmQ/5UWqBM2h1mYgsGEA5Q8wEyE4tmj8t4ZRVCS1G3enkhZ6boHnTX6r3rmJWDlZBAGZ Sean.Shuping@SEANSHUPING
Lisa,Cooper,54030,ssh-rsa AAAAB3NzaC1yc2EAAAADAQABAAABAQDV4aZql9xvaGuMa3KSwqnyvzE7XZJv1qt131uK/hgY+OmwUglFLlPGOG5QZY8obem7X5BDuRo5GvAyV0dZ+mPCi6dEonk/mom0wCd7VvK5cdIIVLA/IXA3dhegRAqoi5nWiNijgBzLmzSwYdKOXAFN568T2j3PM/oz/2asT/hwFYNN5wJWY179uWFJejyX4o5A6t/nv6p84fv/E+/cjjOTSuntyPJhecU8DtK8HXoemJ6MIvNNOCnAKIk3dELoHNz5XZPI/FDwgg81phfUdmQ/5UWqBM2h1mYgsGEA5Q8wEyE4tmj8t4ZRVCS1G3enkhZ6boHnTX6r3rmJWDlZBAGZ Sean.Shuping@SEANSHUPING
Mark,Ward,54031,ssh-rsa AAAAB3NzaC1yc2EAAAADAQABAAABAQDV4aZql9xvaGuMa3KSwqnyvzE7XZJv1qt131uK/hgY+OmwUglFLlPGOG5QZY8obem7X5BDuRo5GvAyV0dZ+mPCi6dEonk/mom0wCd7VvK5cdIIVLA/IXA3dhegRAqoi5nWiNijgBzLmzSwYdKOXAFN568T2j3PM/oz/2asT/hwFYNN5wJWY179uWFJejyX4o5A6t/nv6p84fv/E+/cjjOTSuntyPJhecU8DtK8HXoemJ6MIvNNOCnAKIk3dELoHNz5XZPI/FDwgg81phfUdmQ/5UWqBM2h1mYgsGEA5Q8wEyE4tmj8t4ZRVCS1G3enkhZ6boHnTX6r3rmJWDlZBAGZ Sean.Shuping@SEANSHUPING
Matthew,Gray,54032,ssh-rsa AAAAB3NzaC1yc2EAAAADAQABAAABAQDV4aZql9xvaGuMa3KSwqnyvzE7XZJv1qt131uK/hgY+OmwUglFLlPGOG5QZY8obem7X5BDuRo5GvAyV0dZ+mPCi6dEonk/mom0wCd7VvK5cdIIVLA/IXA3dhegRAqoi5nWiNijgBzLmzSwYdKOXAFN568T2j3PM/oz/2asT/hwFYNN5wJWY179uWFJejyX4o5A6t/nv6p84fv/E+/cjjOTSuntyPJhecU8DtK8HXoemJ6MIvNNOCnAKIk3dELoHNz5XZPI/FDwgg81phfUdmQ/5UWqBM2h1mYgsGEA5Q8wEyE4tmj8t4ZRVCS1G3enkhZ6boHnTX6r3rmJWDlZBAGZ Sean.Shuping@SEANSHUPING
Melissa,Ramirez,54033,ssh-rsa AAAAB3NzaC1yc2EAAAADAQABAAABAQDV4aZql9xvaGuMa3KSwqnyvzE7XZJv1qt131uK/hgY+OmwUglFLlPGOG5QZY8obem7X5BDuRo5GvAyV0dZ+mPCi6dEonk/mom0wCd7VvK5cdIIVLA/IXA3dhegRAqoi5nWiNijgBzLmzSwYdKOXAFN568T2j3PM/oz/2asT/hwFYNN5wJWY179uWFJejyX4o5A6t/nv6p84fv/E+/cjjOTSuntyPJhecU8DtK8HXoemJ6MIvNNOCnAKIk3dELoHNz5XZPI/FDwgg81phfUdmQ/5UWqBM2h1mYgsGEA5Q8wEyE4tmj8t4ZRVCS1G3enkhZ6boHnTX6r3rmJWDlZBAGZ Sean.Shuping@SEANSHUPING
Michelle,Watson,54034,ssh-rsa AAAAB3NzaC1yc2EAAAADAQABAAABAQDV4aZql9xvaGuMa3KSwqnyvzE7XZJv1qt131uK/hgY+OmwUglFLlPGOG5QZY8obem7X5BDuRo5GvAyV0dZ+mPCi6dEonk/mom0wCd7VvK5cdIIVLA/IXA3dhegRAqoi5nWiNijgBzLmzSwYdKOXAFN568T2j3PM/oz/2asT/hwFYNN5wJWY179uWFJejyX4o5A6t/nv6p84fv/E+/cjjOTSuntyPJhecU8DtK8HXoemJ6MIvNNOCnAKIk3dELoHNz5XZPI/FDwgg81phfUdmQ/5UWqBM2h1mYgsGEA5Q8wEyE4tmj8t4ZRVCS1G3enkhZ6boHnTX6r3rmJWDlZBAGZ Sean.Shuping@SEANSHUPING
Nancy,Brooks,54035,ssh-rsa AAAAB3NzaC1yc2EAAAADAQABAAABAQDV4aZql9xvaGuMa3KSwqnyvzE7XZJv1qt131uK/hgY+OmwUglFLlPGOG5QZY8obem7X5BDuRo5GvAyV0dZ+mPCi6dEonk/mom0wCd7VvK5cdIIVLA/IXA3dhegRAqoi5nWiNijgBzLmzSwYdKOXAFN568T2j3PM/oz/2asT/hwFYNN5wJWY179uWFJejyX4o5A6t/nv6p84fv/E+/cjjOTSuntyPJhecU8DtK8HXoemJ6MIvNNOCnAKIk3dELoHNz5XZPI/FDwgg81phfUdmQ/5UWqBM2h1mYgsGEA5Q8wEyE4tmj8t4ZRVCS1G3enkhZ6boHnTX6r3rmJWDlZBAGZ Sean.Shuping@SEANSHUPING
Patricia,Sanders,54036,ssh-rsa AAAAB3NzaC1yc2EAAAADAQABAAABAQDV4aZql9xvaGuMa3KSwqnyvzE7XZJv1qt131uK/hgY+OmwUglFLlPGOG5QZY8obem7X5BDuRo5GvAyV0dZ+mPCi6dEonk/mom0wCd7VvK5cdIIVLA/IXA3dhegRAqoi5nWiNijgBzLmzSwYdKOXAFN568T2j3PM/oz/2asT/hwFYNN5wJWY179uWFJejyX4o5A6t/nv6p84fv/E+/cjjOTSuntyPJhecU8DtK8HXoemJ6MIvNNOCnAKIk3dELoHNz5XZPI/FDwgg81phfUdmQ/5UWqBM2h1mYgsGEA5Q8wEyE4tmj8t4ZRVCS1G3enkhZ6boHnTX6r3rmJWDlZBAGZ Sean.Shuping@SEANSHUPING
Patrick,Price,54037,ssh-rsa AAAAB3NzaC1yc2EAAAADAQABAAABAQDV4aZql9xvaGuMa3KSwqnyvzE7XZJv1qt131uK/hgY+OmwUglFLlPGOG5QZY8obem7X5BDuRo5GvAyV0dZ+mPCi6dEonk/mom0wCd7VvK5cdIIVLA/IXA3dhegRAqoi5nWiNijgBzLmzSwYdKOXAFN568T2j3PM/oz/2asT/hwFYNN5wJWY179uWFJejyX4o5A6t/nv6p84fv/E+/cjjOTSuntyPJhecU8DtK8HXoemJ6MIvNNOCnAKIk3dELoHNz5XZPI/FDwgg81phfUdmQ/5UWqBM2h1mYgsGEA5Q8wEyE4tmj8t4ZRVCS1G3enkhZ6boHnTX6r3rmJWDlZBAGZ Sean.Shuping@SEANSHUPING
Paul,Bennett,54038,ssh-rsa AAAAB3NzaC1yc2EAAAADAQABAAABAQDV4aZql9xvaGuMa3KSwqnyvzE7XZJv1qt131uK/hgY+OmwUglFLlPGOG5QZY8obem7X5BDuRo5GvAyV0dZ+mPCi6dEonk/mom0wCd7VvK5cdIIVLA/IXA3dhegRAqoi5nWiNijgBzLmzSwYdKOXAFN568T2j3PM/oz/2asT/hwFYNN5wJWY179uWFJejyX4o5A6t/nv6p84fv/E+/cjjOTSuntyPJhecU8DtK8HXoemJ6MIvNNOCnAKIk3dELoHNz5XZPI/FDwgg81phfUdmQ/5UWqBM2h1mYgsGEA5Q8wEyE4tmj8t4ZRVCS1G3enkhZ6boHnTX6r3rmJWDlZBAGZ Sean.Shuping@SEANSHUPING
Peter,Wood,54039,ssh-rsa AAAAB3NzaC1yc2EAAAADAQABAAABAQDV4aZql9xvaGuMa3KSwqnyvzE7XZJv1qt131uK/hgY+OmwUglFLlPGOG5QZY8obem7X5BDuRo5GvAyV0dZ+mPCi6dEonk/mom0wCd7VvK5cdIIVLA/IXA3dhegRAqoi5nWiNijgBzLmzSwYdKOXAFN568T2j3PM/oz/2asT/hwFYNN5wJWY179uWFJejyX4o5A6t/nv6p84fv/E+/cjjOTSuntyPJhecU8DtK8HXoemJ6MIvNNOCnAKIk3dELoHNz5XZPI/FDwgg81phfUdmQ/5UWqBM2h1mYgsGEA5Q8wEyE4tmj8t4ZRVCS1G3enkhZ6boHnTX6r3rmJWDlZBAGZ Sean.Shuping@SEANSHUPING
Rebecca,Ross,54040,ssh-rsa AAAAB3NzaC1yc2EAAAADAQABAAABAQDV4aZql9xvaGuMa3KSwqnyvzE7XZJv1qt131uK/hgY+OmwUglFLlPGOG5QZY8obem7X5BDuRo5GvAyV0dZ+mPCi6dEonk/mom0wCd7VvK5cdIIVLA/IXA3dhegRAqoi5nWiNijgBzLmzSwYdKOXAFN568T2j3PM/oz/2asT/hwFYNN5wJWY179uWFJejyX4o5A6t/nv6p84fv/E+/cjjOTSuntyPJhecU8DtK8HXoemJ6MIvNNOCnAKIk3dELoHNz5XZPI/FDwgg81phfUdmQ/5UWqBM2h1mYgsGEA5Q8wEyE4tmj8t4ZRVCS1G3enkhZ6boHnTX6r3rmJWDlZBAGZ Sean.Shuping@SEANSHUPING
Robert,Coleman,54041,ssh-rsa AAAAB3NzaC1yc2EAAAADAQABAAABAQDV4aZql9xvaGuMa3KSwqnyvzE7XZJv1qt131uK/hgY+OmwUglFLlPGOG5QZY8obem7X5BDuRo5GvAyV0dZ+mPCi6dEonk/mom0wCd7VvK5cdIIVLA/IXA3dhegRAqoi5nWiNijgBzLmzSwYdKOXAFN568T2j3PM/oz/2asT/hwFYNN5wJWY179uWFJejyX4o5A6t/nv6p84fv/E+/cjjOTSuntyPJhecU8DtK8HXoemJ6MIvNNOCnAKIk3dELoHNz5XZPI/FDwgg81phfUdmQ/5UWqBM2h1mYgsGEA5Q8wEyE4tmj8t4ZRVCS1G3enkhZ6boHnTX6r3rmJWDlZBAGZ Sean.Shuping@SEANSHUPING
Ruth,Powell,54042,ssh-rsa AAAAB3NzaC1yc2EAAAADAQABAAABAQDV4aZql9xvaGuMa3KSwqnyvzE7XZJv1qt131uK/hgY+OmwUglFLlPGOG5QZY8obem7X5BDuRo5GvAyV0dZ+mPCi6dEonk/mom0wCd7VvK5cdIIVLA/IXA3dhegRAqoi5nWiNijgBzLmzSwYdKOXAFN568T2j3PM/oz/2asT/hwFYNN5wJWY179uWFJejyX4o5A6t/nv6p84fv/E+/cjjOTSuntyPJhecU8DtK8HXoemJ6MIvNNOCnAKIk3dELoHNz5XZPI/FDwgg81phfUdmQ/5UWqBM2h1mYgsGEA5Q8wEyE4tmj8t4ZRVCS1G3enkhZ6boHnTX6r3rmJWDlZBAGZ Sean.Shuping@SEANSHUPING
Ryan,Long,54043,ssh-rsa AAAAB3NzaC1yc2EAAAADAQABAAABAQDV4aZql9xvaGuMa3KSwqnyvzE7XZJv1qt131uK/hgY+OmwUglFLlPGOG5QZY8obem7X5BDuRo5GvAyV0dZ+mPCi6dEonk/mom0wCd7VvK5cdIIVLA/IXA3dhegRAqoi5nWiNijgBzLmzSwYdKOXAFN568T2j3PM/oz/2asT/hwFYNN5wJWY179uWFJejyX4o5A6t/nv6p84fv/E+/cjjOTSuntyPJhecU8DtK8HXoemJ6MIvNNOCnAKIk3dELoHNz5XZPI/FDwgg81phfUdmQ/5UWqBM2h1mYgsGEA5Q8wEyE4tmj8t4ZRVCS1G3enkhZ6boHnTX6r3rmJWDlZBAGZ Sean.Shuping@SEANSHUPING
Sarah,Hughes,54044,ssh-rsa AAAAB3NzaC1yc2EAAAADAQABAAABAQDV4aZql9xvaGuMa3KSwqnyvzE7XZJv1qt131uK/hgY+OmwUglFLlPGOG5QZY8obem7X5BDuRo5GvAyV0dZ+mPCi6dEonk/mom0wCd7VvK5cdIIVLA/IXA3dhegRAqoi5nWiNijgBzLmzSwYdKOXAFN568T2j3PM/oz/2asT/hwFYNN5wJWY179uWFJejyX4o5A6t/nv6p84fv/E+/cjjOTSuntyPJhecU8DtK8HXoemJ6MIvNNOCnAKIk3dELoHNz5XZPI/FDwgg81phfUdmQ/5UWqBM2h1mYgsGEA5Q8wEyE4tmj8t4ZRVCS1G3enkhZ6boHnTX6r3rmJWDlZBAGZ Sean.Shuping@SEANSHUPING
Sharon,Washington,54045,ssh-rsa AAAAB3NzaC1yc2EAAAADAQABAAABAQDV4aZql9xvaGuMa3KSwqnyvzE7XZJv1qt131uK/hgY+OmwUglFLlPGOG5QZY8obem7X5BDuRo5GvAyV0dZ+mPCi6dEonk/mom0wCd7VvK5cdIIVLA/IXA3dhegRAqoi5nWiNijgBzLmzSwYdKOXAFN568T2j3PM/oz/2asT/hwFYNN5wJWY179uWFJejyX4o5A6t/nv6p84fv/E+/cjjOTSuntyPJhecU8DtK8HXoemJ6MIvNNOCnAKIk3dELoHNz5XZPI/FDwgg81phfUdmQ/5UWqBM2h1mYgsGEA5Q8wEyE4tmj8t4ZRVCS1G3enkhZ6boHnTX6r3rmJWDlZBAGZ Sean.Shuping@SEANSHUPING
Stephanie,Simmons,54046,ssh-rsa AAAAB3NzaC1yc2EAAAADAQABAAABAQDV4aZql9xvaGuMa3KSwqnyvzE7XZJv1qt131uK/hgY+OmwUglFLlPGOG5QZY8obem7X5BDuRo5GvAyV0dZ+mPCi6dEonk/mom0wCd7VvK5cdIIVLA/IXA3dhegRAqoi5nWiNijgBzLmzSwYdKOXAFN568T2j3PM/oz/2asT/hwFYNN5wJWY179uWFJejyX4o5A6t/nv6p84fv/E+/cjjOTSuntyPJhecU8DtK8HXoemJ6MIvNNOCnAKIk3dELoHNz5XZPI/FDwgg81phfUdmQ/5UWqBM2h1mYgsGEA5Q8wEyE4tmj8t4ZRVCS1G3enkhZ6boHnTX6r3rmJWDlZBAGZ Sean.Shuping@SEANSHUPING
Steven,Gonzales,54047,ssh-rsa AAAAB3NzaC1yc2EAAAADAQABAAABAQDV4aZql9xvaGuMa3KSwqnyvzE7XZJv1qt131uK/hgY+OmwUglFLlPGOG5QZY8obem7X5BDuRo5GvAyV0dZ+mPCi6dEonk/mom0wCd7VvK5cdIIVLA/IXA3dhegRAqoi5nWiNijgBzLmzSwYdKOXAFN568T2j3PM/oz/2asT/hwFYNN5wJWY179uWFJejyX4o5A6t/nv6p84fv/E+/cjjOTSuntyPJhecU8DtK8HXoemJ6MIvNNOCnAKIk3dELoHNz5XZPI/FDwgg81phfUdmQ/5UWqBM2h1mYgsGEA5Q8wEyE4tmj8t4ZRVCS1G3enkhZ6boHnTX6r3rmJWDlZBAGZ Sean.Shuping@SEANSHUPING
Thomas,Alexander,54048,ssh-rsa AAAAB3NzaC1yc2EAAAADAQABAAABAQDV4aZql9xvaGuMa3KSwqnyvzE7XZJv1qt131uK/hgY+OmwUglFLlPGOG5QZY8obem7X5BDuRo5GvAyV0dZ+mPCi6dEonk/mom0wCd7VvK5cdIIVLA/IXA3dhegRAqoi5nWiNijgBzLmzSwYdKOXAFN568T2j3PM/oz/2asT/hwFYNN5wJWY179uWFJejyX4o5A6t/nv6p84fv/E+/cjjOTSuntyPJhecU8DtK8HXoemJ6MIvNNOCnAKIk3dELoHNz5XZPI/FDwgg81phfUdmQ/5UWqBM2h1mYgsGEA5Q8wEyE4tmj8t4ZRVCS1G3enkhZ6boHnTX6r3rmJWDlZBAGZ Sean.Shuping@SEANSHUPING
Timothy,Russell,54049,ssh-rsa AAAAB3NzaC1yc2EAAAADAQABAAABAQDV4aZql9xvaGuMa3KSwqnyvzE7XZJv1qt131uK/hgY+OmwUglFLlPGOG5QZY8obem7X5BDuRo5GvAyV0dZ+mPCi6dEonk/mom0wCd7VvK5cdIIVLA/IXA3dhegRAqoi5nWiNijgBzLmzSwYdKOXAFN568T2j3PM/oz/2asT/hwFYNN5wJWY179uWFJejyX4o5A6t/nv6p84fv/E+/cjjOTSuntyPJhecU8DtK8HXoemJ6MIvNNOCnAKIk3dELoHNz5XZPI/FDwgg81phfUdmQ/5UWqBM2h1mYgsGEA5Q8wEyE4tmj8t4ZRVCS1G3enkhZ6boHnTX6r3rmJWDlZBAGZ Sean.Shuping@SEANSHUPING
Sean,Shuping,54050,ssh-rsa AAAAB3NzaC1yc2EAAAADAQABAAABAQDV4aZql9xvaGuMa3KSwqnyvzE7XZJv1qt131uK/hgY+OmwUglFLlPGOG5QZY8obem7X5BDuRo5GvAyV0dZ+mPCi6dEonk/mom0wCd7VvK5cdIIVLA/IXA3dhegRAqoi5nWiNijgBzLmzSwYdKOXAFN568T2j3PM/oz/2asT/hwFYNN5wJWY179uWFJejyX4o5A6t/nv6p84fv/E+/cjjOTSuntyPJhecU8DtK8HXoemJ6MIvNNOCnAKIk3dELoHNz5XZPI/FDwgg81phfUdmQ/5UWqBM2h1mYgsGEA5Q8wEyE4tmj8t4ZRVCS1G3enkhZ6boHnTX6r3rmJWDlZBAGZ Sean.Shuping@SEANSHUPING
